[
    {
       "model":"admin.logentry",
       "pk":1,
       "fields":{
          "action_time":"2022-02-07T16:24:31.778Z",
          "user":1,
          "content_type":8,
          "object_id":"1",
          "object_repr":"michaelgreenberry@gmail.com",
          "action_flag":1,
          "change_message":"[{\"added\": {}}]"
       }
    },
    {
       "model":"admin.logentry",
       "pk":2,
       "fields":{
          "action_time":"2022-02-07T16:25:35.748Z",
          "user":1,
          "content_type":13,
          "object_id":"1",
          "object_repr":"fizzy_sweets",
          "action_flag":1,
          "change_message":"[{\"added\": {}}]"
       }
    },
    {
       "model":"admin.logentry",
       "pk":3,
       "fields":{
          "action_time":"2022-02-07T16:25:45.351Z",
          "user":1,
          "content_type":13,
          "object_id":"2",
          "object_repr":"other_sweets",
          "action_flag":1,
          "change_message":"[{\"added\": {}}]"
       }
    },
    {
       "model":"admin.logentry",
       "pk":4,
       "fields":{
          "action_time":"2022-02-07T16:25:55.666Z",
          "user":1,
          "content_type":13,
          "object_id":"3",
          "object_repr":"traditional_sweets",
          "action_flag":1,
          "change_message":"[{\"added\": {}}]"
       }
    },
    {
       "model":"admin.logentry",
       "pk":5,
       "fields":{
          "action_time":"2022-02-07T16:26:05.790Z",
          "user":1,
          "content_type":13,
          "object_id":"4",
          "object_repr":"hard_candy",
          "action_flag":1,
          "change_message":"[{\"added\": {}}]"
       }
    },
    {
       "model":"admin.logentry",
       "pk":6,
       "fields":{
          "action_time":"2022-02-07T16:26:17.609Z",
          "user":1,
          "content_type":13,
          "object_id":"5",
          "object_repr":"gift_boxes",
          "action_flag":1,
          "change_message":"[{\"added\": {}}]"
       }
    },
    {
       "model":"admin.logentry",
       "pk":7,
       "fields":{
          "action_time":"2022-02-07T16:26:28.348Z",
          "user":1,
          "content_type":13,
          "object_id":"6",
          "object_repr":"jelly_foam_sweets",
          "action_flag":1,
          "change_message":"[{\"added\": {}}]"
       }
    },
    {
       "model":"admin.logentry",
       "pk":8,
       "fields":{
          "action_time":"2022-02-07T16:26:35.799Z",
          "user":1,
          "content_type":13,
          "object_id":"7",
          "object_repr":"chocolate_toffee",
          "action_flag":1,
          "change_message":"[{\"added\": {}}]"
       }
    },
    {
       "model":"admin.logentry",
       "pk":9,
       "fields":{
          "action_time":"2022-02-07T16:27:27.717Z",
          "user":1,
          "content_type":14,
          "object_id":"1",
          "object_repr":"ABC Candy",
          "action_flag":1,
          "change_message":"[{\"added\": {}}]"
       }
    },
    {
       "model":"admin.logentry",
       "pk":10,
       "fields":{
          "action_time":"2022-02-07T16:43:29.702Z",
          "user":1,
          "content_type":14,
          "object_id":"2",
          "object_repr":"Black and White Mints",
          "action_flag":1,
          "change_message":"[{\"added\": {}}]"
       }
    },
    {
       "model":"admin.logentry",
       "pk":11,
       "fields":{
          "action_time":"2022-02-07T16:44:31.516Z",
          "user":1,
          "content_type":14,
          "object_id":"3",
          "object_repr":"Chocolate Filled Candy",
          "action_flag":1,
          "change_message":"[{\"added\": {}}]"
       }
    },
    {
       "model":"admin.logentry",
       "pk":12,
       "fields":{
          "action_time":"2022-02-07T16:45:29.342Z",
          "user":1,
          "content_type":14,
          "object_id":"4",
          "object_repr":"Dolphins",
          "action_flag":1,
          "change_message":"[{\"added\": {}}]"
       }
    },
    {
       "model":"admin.logentry",
       "pk":13,
       "fields":{
          "action_time":"2022-02-07T16:48:05.515Z",
          "user":1,
          "content_type":14,
          "object_id":"5",
          "object_repr":"Fried Eggs",
          "action_flag":1,
          "change_message":"[{\"added\": {}}]"
       }
    },
    {
       "model":"admin.logentry",
       "pk":14,
       "fields":{
          "action_time":"2022-02-12T13:22:46.956Z",
          "user":1,
          "content_type":16,
          "object_id":"2",
          "object_repr":"6B2E0E29917F49BABC7929FB7725070B",
          "action_flag":2,
          "change_message":"[{\"changed\": {\"name\": \"order line item\", \"object\": \"SKU CHOCBEAN on order 6B2E0E29917F49BABC7929FB7725070B\", \"fields\": [\"Quantity\"]}}]"
       }
    },
    {
       "model":"admin.logentry",
       "pk":15,
       "fields":{
          "action_time":"2022-02-12T13:23:03.357Z",
          "user":1,
          "content_type":16,
          "object_id":"2",
          "object_repr":"6B2E0E29917F49BABC7929FB7725070B",
          "action_flag":2,
          "change_message":"[{\"changed\": {\"name\": \"order line item\", \"object\": \"SKU CHOCBEAN on order 6B2E0E29917F49BABC7929FB7725070B\", \"fields\": [\"Quantity\"]}}]"
       }
    },
    {
       "model":"admin.logentry",
       "pk":16,
       "fields":{
          "action_time":"2022-02-12T13:23:12.939Z",
          "user":1,
          "content_type":16,
          "object_id":"2",
          "object_repr":"6B2E0E29917F49BABC7929FB7725070B",
          "action_flag":2,
          "change_message":"[{\"deleted\": {\"name\": \"order line item\", \"object\": \"SKU CHOCBEAN on order 6B2E0E29917F49BABC7929FB7725070B\"}}]"
       }
    },
    {
       "model":"admin.logentry",
       "pk":17,
       "fields":{
          "action_time":"2022-02-12T13:23:19.831Z",
          "user":1,
          "content_type":16,
          "object_id":"2",
          "object_repr":"6B2E0E29917F49BABC7929FB7725070B",
          "action_flag":2,
          "change_message":"[{\"deleted\": {\"name\": \"order line item\", \"object\": \"SKU DOLPHINS on order 6B2E0E29917F49BABC7929FB7725070B\"}}]"
       }
    },
    {
       "model":"admin.logentry",
       "pk":18,
       "fields":{
          "action_time":"2022-02-12T13:23:34.996Z",
          "user":1,
          "content_type":16,
          "object_id":"2",
          "object_repr":"6B2E0E29917F49BABC7929FB7725070B",
          "action_flag":3,
          "change_message":""
       }
    },
    {
       "model":"admin.logentry",
       "pk":19,
       "fields":{
          "action_time":"2022-02-12T13:23:34.999Z",
          "user":1,
          "content_type":16,
          "object_id":"1",
          "object_repr":"BDD22F00B04842B9913AEE952F9574E6",
          "action_flag":3,
          "change_message":""
       }
    },
    {
       "model":"admin.logentry",
       "pk":20,
       "fields":{
          "action_time":"2022-02-12T20:13:09.361Z",
          "user":1,
          "content_type":4,
          "object_id":"2",
          "object_repr":"JohnnyMillard",
          "action_flag":3,
          "change_message":""
       }
    },
    {
       "model":"admin.logentry",
       "pk":21,
       "fields":{
          "action_time":"2022-02-12T20:13:09.365Z",
          "user":1,
          "content_type":4,
          "object_id":"3",
          "object_repr":"realannoyedperson",
          "action_flag":3,
          "change_message":""
       }
    },
    {
       "model":"admin.logentry",
       "pk":22,
       "fields":{
          "action_time":"2022-02-12T20:27:06.242Z",
          "user":1,
          "content_type":4,
          "object_id":"4",
          "object_repr":"JohnnyMillard",
          "action_flag":3,
          "change_message":""
       }
    },
    {
       "model":"admin.logentry",
       "pk":23,
       "fields":{
          "action_time":"2022-02-17T13:47:28.979Z",
          "user":6,
          "content_type":8,
          "object_id":"1",
          "object_repr":"michaelgreenberry@gmail.com",
          "action_flag":3,
          "change_message":""
       }
    },
    {
       "model":"admin.logentry",
       "pk":24,
       "fields":{
          "action_time":"2022-02-17T13:47:36.641Z",
          "user":6,
          "content_type":8,
          "object_id":"5",
          "object_repr":"me@me.com",
          "action_flag":3,
          "change_message":""
       }
    },
    {
       "model":"admin.logentry",
       "pk":25,
       "fields":{
          "action_time":"2022-02-17T13:47:47.296Z",
          "user":6,
          "content_type":8,
          "object_id":"6",
          "object_repr":"michaelgreenberry@gmail.com",
          "action_flag":1,
          "change_message":"[{\"added\": {}}]"
       }
    },
    {
       "model":"admin.logentry",
       "pk":26,
       "fields":{
          "action_time":"2022-02-17T16:50:38.894Z",
          "user":6,
          "content_type":14,
          "object_id":"7",
          "object_repr":"Fizzy Cherry Cola Bottles",
          "action_flag":2,
          "change_message":"[{\"changed\": {\"fields\": [\"Sku\"]}}]"
       }
    },
    {
       "model":"admin.logentry",
       "pk":27,
       "fields":{
          "action_time":"2022-02-17T16:53:32.476Z",
          "user":6,
          "content_type":14,
          "object_id":"10",
          "object_repr":"Wine Gums",
          "action_flag":2,
          "change_message":"[{\"changed\": {\"fields\": [\"Image\"]}}]"
       }
    },
    {
       "model":"auth.permission",
       "pk":1,
       "fields":{
          "name":"Can add log entry",
          "content_type":1,
          "codename":"add_logentry"
       }
    },
    {
       "model":"auth.permission",
       "pk":2,
       "fields":{
          "name":"Can change log entry",
          "content_type":1,
          "codename":"change_logentry"
       }
    },
    {
       "model":"auth.permission",
       "pk":3,
       "fields":{
          "name":"Can delete log entry",
          "content_type":1,
          "codename":"delete_logentry"
       }
    },
    {
       "model":"auth.permission",
       "pk":4,
       "fields":{
          "name":"Can view log entry",
          "content_type":1,
          "codename":"view_logentry"
       }
    },
    {
       "model":"auth.permission",
       "pk":5,
       "fields":{
          "name":"Can add permission",
          "content_type":2,
          "codename":"add_permission"
       }
    },
    {
       "model":"auth.permission",
       "pk":6,
       "fields":{
          "name":"Can change permission",
          "content_type":2,
          "codename":"change_permission"
       }
    },
    {
       "model":"auth.permission",
       "pk":7,
       "fields":{
          "name":"Can delete permission",
          "content_type":2,
          "codename":"delete_permission"
       }
    },
    {
       "model":"auth.permission",
       "pk":8,
       "fields":{
          "name":"Can view permission",
          "content_type":2,
          "codename":"view_permission"
       }
    },
    {
       "model":"auth.permission",
       "pk":9,
       "fields":{
          "name":"Can add group",
          "content_type":3,
          "codename":"add_group"
       }
    },
    {
       "model":"auth.permission",
       "pk":10,
       "fields":{
          "name":"Can change group",
          "content_type":3,
          "codename":"change_group"
       }
    },
    {
       "model":"auth.permission",
       "pk":11,
       "fields":{
          "name":"Can delete group",
          "content_type":3,
          "codename":"delete_group"
       }
    },
    {
       "model":"auth.permission",
       "pk":12,
       "fields":{
          "name":"Can view group",
          "content_type":3,
          "codename":"view_group"
       }
    },
    {
       "model":"auth.permission",
       "pk":13,
       "fields":{
          "name":"Can add user",
          "content_type":4,
          "codename":"add_user"
       }
    },
    {
       "model":"auth.permission",
       "pk":14,
       "fields":{
          "name":"Can change user",
          "content_type":4,
          "codename":"change_user"
       }
    },
    {
       "model":"auth.permission",
       "pk":15,
       "fields":{
          "name":"Can delete user",
          "content_type":4,
          "codename":"delete_user"
       }
    },
    {
       "model":"auth.permission",
       "pk":16,
       "fields":{
          "name":"Can view user",
          "content_type":4,
          "codename":"view_user"
       }
    },
    {
       "model":"auth.permission",
       "pk":17,
       "fields":{
          "name":"Can add content type",
          "content_type":5,
          "codename":"add_contenttype"
       }
    },
    {
       "model":"auth.permission",
       "pk":18,
       "fields":{
          "name":"Can change content type",
          "content_type":5,
          "codename":"change_contenttype"
       }
    },
    {
       "model":"auth.permission",
       "pk":19,
       "fields":{
          "name":"Can delete content type",
          "content_type":5,
          "codename":"delete_contenttype"
       }
    },
    {
       "model":"auth.permission",
       "pk":20,
       "fields":{
          "name":"Can view content type",
          "content_type":5,
          "codename":"view_contenttype"
       }
    },
    {
       "model":"auth.permission",
       "pk":21,
       "fields":{
          "name":"Can add session",
          "content_type":6,
          "codename":"add_session"
       }
    },
    {
       "model":"auth.permission",
       "pk":22,
       "fields":{
          "name":"Can change session",
          "content_type":6,
          "codename":"change_session"
       }
    },
    {
       "model":"auth.permission",
       "pk":23,
       "fields":{
          "name":"Can delete session",
          "content_type":6,
          "codename":"delete_session"
       }
    },
    {
       "model":"auth.permission",
       "pk":24,
       "fields":{
          "name":"Can view session",
          "content_type":6,
          "codename":"view_session"
       }
    },
    {
       "model":"auth.permission",
       "pk":25,
       "fields":{
          "name":"Can add site",
          "content_type":7,
          "codename":"add_site"
       }
    },
    {
       "model":"auth.permission",
       "pk":26,
       "fields":{
          "name":"Can change site",
          "content_type":7,
          "codename":"change_site"
       }
    },
    {
       "model":"auth.permission",
       "pk":27,
       "fields":{
          "name":"Can delete site",
          "content_type":7,
          "codename":"delete_site"
       }
    },
    {
       "model":"auth.permission",
       "pk":28,
       "fields":{
          "name":"Can view site",
          "content_type":7,
          "codename":"view_site"
       }
    },
    {
       "model":"auth.permission",
       "pk":29,
       "fields":{
          "name":"Can add email address",
          "content_type":8,
          "codename":"add_emailaddress"
       }
    },
    {
       "model":"auth.permission",
       "pk":30,
       "fields":{
          "name":"Can change email address",
          "content_type":8,
          "codename":"change_emailaddress"
       }
    },
    {
       "model":"auth.permission",
       "pk":31,
       "fields":{
          "name":"Can delete email address",
          "content_type":8,
          "codename":"delete_emailaddress"
       }
    },
    {
       "model":"auth.permission",
       "pk":32,
       "fields":{
          "name":"Can view email address",
          "content_type":8,
          "codename":"view_emailaddress"
       }
    },
    {
       "model":"auth.permission",
       "pk":33,
       "fields":{
          "name":"Can add email confirmation",
          "content_type":9,
          "codename":"add_emailconfirmation"
       }
    },
    {
       "model":"auth.permission",
       "pk":34,
       "fields":{
          "name":"Can change email confirmation",
          "content_type":9,
          "codename":"change_emailconfirmation"
       }
    },
    {
       "model":"auth.permission",
       "pk":35,
       "fields":{
          "name":"Can delete email confirmation",
          "content_type":9,
          "codename":"delete_emailconfirmation"
       }
    },
    {
       "model":"auth.permission",
       "pk":36,
       "fields":{
          "name":"Can view email confirmation",
          "content_type":9,
          "codename":"view_emailconfirmation"
       }
    },
    {
       "model":"auth.permission",
       "pk":37,
       "fields":{
          "name":"Can add social account",
          "content_type":10,
          "codename":"add_socialaccount"
       }
    },
    {
       "model":"auth.permission",
       "pk":38,
       "fields":{
          "name":"Can change social account",
          "content_type":10,
          "codename":"change_socialaccount"
       }
    },
    {
       "model":"auth.permission",
       "pk":39,
       "fields":{
          "name":"Can delete social account",
          "content_type":10,
          "codename":"delete_socialaccount"
       }
    },
    {
       "model":"auth.permission",
       "pk":40,
       "fields":{
          "name":"Can view social account",
          "content_type":10,
          "codename":"view_socialaccount"
       }
    },
    {
       "model":"auth.permission",
       "pk":41,
       "fields":{
          "name":"Can add social application",
          "content_type":11,
          "codename":"add_socialapp"
       }
    },
    {
       "model":"auth.permission",
       "pk":42,
       "fields":{
          "name":"Can change social application",
          "content_type":11,
          "codename":"change_socialapp"
       }
    },
    {
       "model":"auth.permission",
       "pk":43,
       "fields":{
          "name":"Can delete social application",
          "content_type":11,
          "codename":"delete_socialapp"
       }
    },
    {
       "model":"auth.permission",
       "pk":44,
       "fields":{
          "name":"Can view social application",
          "content_type":11,
          "codename":"view_socialapp"
       }
    },
    {
       "model":"auth.permission",
       "pk":45,
       "fields":{
          "name":"Can add social application token",
          "content_type":12,
          "codename":"add_socialtoken"
       }
    },
    {
       "model":"auth.permission",
       "pk":46,
       "fields":{
          "name":"Can change social application token",
          "content_type":12,
          "codename":"change_socialtoken"
       }
    },
    {
       "model":"auth.permission",
       "pk":47,
       "fields":{
          "name":"Can delete social application token",
          "content_type":12,
          "codename":"delete_socialtoken"
       }
    },
    {
       "model":"auth.permission",
       "pk":48,
       "fields":{
          "name":"Can view social application token",
          "content_type":12,
          "codename":"view_socialtoken"
       }
    },
    {
       "model":"auth.permission",
       "pk":49,
       "fields":{
          "name":"Can add category",
          "content_type":13,
          "codename":"add_category"
       }
    },
    {
       "model":"auth.permission",
       "pk":50,
       "fields":{
          "name":"Can change category",
          "content_type":13,
          "codename":"change_category"
       }
    },
    {
       "model":"auth.permission",
       "pk":51,
       "fields":{
          "name":"Can delete category",
          "content_type":13,
          "codename":"delete_category"
       }
    },
    {
       "model":"auth.permission",
       "pk":52,
       "fields":{
          "name":"Can view category",
          "content_type":13,
          "codename":"view_category"
       }
    },
    {
       "model":"auth.permission",
       "pk":53,
       "fields":{
          "name":"Can add product",
          "content_type":14,
          "codename":"add_product"
       }
    },
    {
       "model":"auth.permission",
       "pk":54,
       "fields":{
          "name":"Can change product",
          "content_type":14,
          "codename":"change_product"
       }
    },
    {
       "model":"auth.permission",
       "pk":55,
       "fields":{
          "name":"Can delete product",
          "content_type":14,
          "codename":"delete_product"
       }
    },
    {
       "model":"auth.permission",
       "pk":56,
       "fields":{
          "name":"Can view product",
          "content_type":14,
          "codename":"view_product"
       }
    },
    {
       "model":"auth.permission",
       "pk":57,
       "fields":{
          "name":"Can add order line item",
          "content_type":15,
          "codename":"add_orderlineitem"
       }
    },
    {
       "model":"auth.permission",
       "pk":58,
       "fields":{
          "name":"Can change order line item",
          "content_type":15,
          "codename":"change_orderlineitem"
       }
    },
    {
       "model":"auth.permission",
       "pk":59,
       "fields":{
          "name":"Can delete order line item",
          "content_type":15,
          "codename":"delete_orderlineitem"
       }
    },
    {
       "model":"auth.permission",
       "pk":60,
       "fields":{
          "name":"Can view order line item",
          "content_type":15,
          "codename":"view_orderlineitem"
       }
    },
    {
       "model":"auth.permission",
       "pk":61,
       "fields":{
          "name":"Can add order",
          "content_type":16,
          "codename":"add_order"
       }
    },
    {
       "model":"auth.permission",
       "pk":62,
       "fields":{
          "name":"Can change order",
          "content_type":16,
          "codename":"change_order"
       }
    },
    {
       "model":"auth.permission",
       "pk":63,
       "fields":{
          "name":"Can delete order",
          "content_type":16,
          "codename":"delete_order"
       }
    },
    {
       "model":"auth.permission",
       "pk":64,
       "fields":{
          "name":"Can view order",
          "content_type":16,
          "codename":"view_order"
       }
    },
    {
       "model":"auth.permission",
       "pk":65,
       "fields":{
          "name":"Can add user profile",
          "content_type":17,
          "codename":"add_userprofile"
       }
    },
    {
       "model":"auth.permission",
       "pk":66,
       "fields":{
          "name":"Can change user profile",
          "content_type":17,
          "codename":"change_userprofile"
       }
    },
    {
       "model":"auth.permission",
       "pk":67,
       "fields":{
          "name":"Can delete user profile",
          "content_type":17,
          "codename":"delete_userprofile"
       }
    },
    {
       "model":"auth.permission",
       "pk":68,
       "fields":{
          "name":"Can view user profile",
          "content_type":17,
          "codename":"view_userprofile"
       }
    },
    {
       "model":"auth.user",
       "pk":1,
       "fields":{
          "password":"pbkdf2_sha256$260000$Lze8tHbiJR6Z6fSjYxyCg1$q6zqRewhc9yPzga5g5zpQ4UgnMZf8yPrOW9AaqC0vpY=",
          "last_login":"2022-02-17T13:35:27.145Z",
          "is_superuser":true,
          "username":"michaelgreenberry",
          "first_name":"",
          "last_name":"",
          "email":"michaelgreenberry@gmail.com",
          "is_staff":true,
          "is_active":true,
          "date_joined":"2022-02-07T16:23:47.744Z",
          "groups":[
             
          ],
          "user_permissions":[
             
          ]
       }
    },
    {
       "model":"auth.user",
       "pk":5,
       "fields":{
          "password":"pbkdf2_sha256$260000$z0SERevg1sr12GmY4FyBzs$pUi/yGRvwtAw8Ud5Y2rYDBJvDp5JsuI0cSym6jcXp0w=",
          "last_login":"2022-02-13T14:28:01.210Z",
          "is_superuser":false,
          "username":"JohnnyMillard",
          "first_name":"",
          "last_name":"",
          "email":"me@me.com",
          "is_staff":false,
          "is_active":true,
          "date_joined":"2022-02-12T20:27:37.313Z",
          "groups":[
             
          ],
          "user_permissions":[
             
          ]
       }
    },
    {
       "model":"auth.user",
       "pk":6,
       "fields":{
          "password":"pbkdf2_sha256$260000$4NY0GMu0eTQAQaDHgZBNZN$SNpeJIOva1XnbLwzYy9GdIiXFZOp42TaER2HcQp3fI4=",
          "last_login":"2022-02-17T13:49:41.506Z",
          "is_superuser":true,
          "username":"michaelg",
          "first_name":"",
          "last_name":"",
          "email":"michaelgreenberry@gmail.com",
          "is_staff":true,
          "is_active":true,
          "date_joined":"2022-02-17T13:45:33.443Z",
          "groups":[
             
          ],
          "user_permissions":[
             
          ]
       }
    },
    {
       "model":"contenttypes.contenttype",
       "pk":1,
       "fields":{
          "app_label":"admin",
          "model":"logentry"
       }
    },
    {
       "model":"contenttypes.contenttype",
       "pk":2,
       "fields":{
          "app_label":"auth",
          "model":"permission"
       }
    },
    {
       "model":"contenttypes.contenttype",
       "pk":3,
       "fields":{
          "app_label":"auth",
          "model":"group"
       }
    },
    {
       "model":"contenttypes.contenttype",
       "pk":4,
       "fields":{
          "app_label":"auth",
          "model":"user"
       }
    },
    {
       "model":"contenttypes.contenttype",
       "pk":5,
       "fields":{
          "app_label":"contenttypes",
          "model":"contenttype"
       }
    },
    {
       "model":"contenttypes.contenttype",
       "pk":6,
       "fields":{
          "app_label":"sessions",
          "model":"session"
       }
    },
    {
       "model":"contenttypes.contenttype",
       "pk":7,
       "fields":{
          "app_label":"sites",
          "model":"site"
       }
    },
    {
       "model":"contenttypes.contenttype",
       "pk":8,
       "fields":{
          "app_label":"account",
          "model":"emailaddress"
       }
    },
    {
       "model":"contenttypes.contenttype",
       "pk":9,
       "fields":{
          "app_label":"account",
          "model":"emailconfirmation"
       }
    },
    {
       "model":"contenttypes.contenttype",
       "pk":10,
       "fields":{
          "app_label":"socialaccount",
          "model":"socialaccount"
       }
    },
    {
       "model":"contenttypes.contenttype",
       "pk":11,
       "fields":{
          "app_label":"socialaccount",
          "model":"socialapp"
       }
    },
    {
       "model":"contenttypes.contenttype",
       "pk":12,
       "fields":{
          "app_label":"socialaccount",
          "model":"socialtoken"
       }
    },
    {
       "model":"contenttypes.contenttype",
       "pk":13,
       "fields":{
          "app_label":"products",
          "model":"category"
       }
    },
    {
       "model":"contenttypes.contenttype",
       "pk":14,
       "fields":{
          "app_label":"products",
          "model":"product"
       }
    },
    {
       "model":"contenttypes.contenttype",
       "pk":15,
       "fields":{
          "app_label":"checkout",
          "model":"orderlineitem"
       }
    },
    {
       "model":"contenttypes.contenttype",
       "pk":16,
       "fields":{
          "app_label":"checkout",
          "model":"order"
       }
    },
    {
       "model":"contenttypes.contenttype",
       "pk":17,
       "fields":{
          "app_label":"profiles",
          "model":"userprofile"
       }
    },
    {
       "model":"sessions.session",
       "pk":"02cb4gx395os2lgmlp3qqlf6jykjn5fl",
       "fields":{
          "session_data":"e30:1nJG7i:XRu809lLutm_FDwGB-rvPyuRqqJ_QdPIBcwO5NEg_Gg",
          "expire_date":"2022-02-27T14:45:10.016Z"
       }
    },
    {
       "model":"sessions.session",
       "pk":"1i60cvntedxoggvn91dop7s4j5bi1fbb",
       "fields":{
          "session_data":"e30:1nIyLZ:ySEZknMuCTnk0sEAyGls-szB2bxk_AOCLsWXMaIlVCQ",
          "expire_date":"2022-02-26T19:46:17.154Z"
       }
    },
    {
       "model":"sessions.session",
       "pk":"43m7vg5azm95qa9zc0vjrprni40a3pvt",
       "fields":{
          "session_data":"e30:1nJH8I:C9ExOrqw4IMb6pJHlve4L5tW5gpyf9kGg8EELK2ik-U",
          "expire_date":"2022-02-27T15:49:50.447Z"
       }
    },
    {
       "model":"sessions.session",
       "pk":"5xaqzw7g92labjbxqm27tkmbtl9t18tn",
       "fields":{
          "session_data":"e30:1nIyjK:1s62DZzryCxC_gnA6aReayU_Yq7qytofPCXFEDzuQnI",
          "expire_date":"2022-02-26T20:10:50.497Z"
       }
    },
    {
       "model":"sessions.session",
       "pk":"a7cf8gfdh5gq3lzg7lhq336omunbvizc",
       "fields":{
          "session_data":"e30:1nJFaI:koudRfqcFE0lF0ivFI43PTF1-BYr0ylQqy6hhLYn66A",
          "expire_date":"2022-02-27T14:10:38.910Z"
       }
    },
    {
       "model":"sessions.session",
       "pk":"bd7q9jv2cwsrv09kaxikx1xhte1y0r84",
       "fields":{
          "session_data":".eJxVjMEOwiAQRP-FsyFQNggevfsNZHcBqRpISnsy_rs06UHnOPPevEXAbS1h62kJcxQXocXptyPkZ6r7EB9Y701yq-syk9wReaxd3lpMr-vB_h0U7GXY5Axk6xx5HvEAGc8WGSfldSRjfSaINrkpa-PAAFomcIqHpNiCEZ8v97Q4DA:1nH6sC:MxdhTE3S-my06szLY-_4Hj5CcDJjplzzCL_sb2B9EtE",
          "expire_date":"2022-02-21T16:28:16.437Z"
       }
    },
    {
       "model":"sessions.session",
       "pk":"bv2cape8zafbw34jyckkil97najp2yoh",
       "fields":{
          "session_data":".eJxVjMsOwiAUBf-FtSG0II8u3fsNhMetoAYMt000xn9XTBe6PTNnnsS6dUl2RWg2RzIRSXa_m3fhAqWDeHblVGmoZWnZ067QjSI91gjXw-b-BZLD1N_Oac7mEEAMQgRjovZCzlpwAKP3ijOII4x88NoYxRVTSnvJPpjxUapvFAEx12LhfsvtQSb2egOENT5t:1nKlba:zmRrNC_ldGzxd_H9zCVlwNCnZSuKx3WwFz-vFr-73yQ",
          "expire_date":"2022-03-03T18:34:14.513Z"
       }
    },
    {
       "model":"sessions.session",
       "pk":"dex3d87pt3jhj1gyp88l1e749ocexnpn",
       "fields":{
          "session_data":"e30:1nKgwR:HCI5hjO7RMYoi3JCHJsXzgfZQY7pgKyL7wTXS3y6qe4",
          "expire_date":"2022-03-03T13:35:27.140Z"
       }
    },
    {
       "model":"sessions.session",
       "pk":"dez23vj7mae2kkp71kam0oxb9m7qz3be",
       "fields":{
          "session_data":"e30:1nIyaU:StO7GySnj0OR2QQrxo5lzW_l0VSFp-mQTKom3z0ONZ4",
          "expire_date":"2022-02-26T20:01:42.367Z"
       }
    },
    {
       "model":"sessions.session",
       "pk":"dozwdcgfetdiao4swxkdf498eda9h2wg",
       "fields":{
          "session_data":".eJw1zU0KgzAQBtCrDN86C3_oJjsRegkjIZqhVVMHnHQh4t2LFLdv8w4MQRfOsAdq2PI08B9WDS9WWHSdg_ezynqrg6HCUPUw5NDEyJHat4ySQmZ6TildENa4Uxba5bvRP3Doe5w_3AYkng:1nH9aL:VrvkdPChx0Qehrr3npgnHCQ0F3-riLLGFTJJbJv53KE",
          "expire_date":"2022-02-21T19:22:01.071Z"
       }
    },
    {
       "model":"sessions.session",
       "pk":"jnqwj3h2jduxolji0kv1loz3cj7ve4bj",
       "fields":{
          "session_data":"e30:1nIyan:g_hmw53jrhf-OcO5da6KXZr7-m60fJh77XAkPOQuvYE",
          "expire_date":"2022-02-26T20:02:01.808Z"
       }
    },
    {
       "model":"sessions.session",
       "pk":"lz5ah7l6ns4hadxdut3fdncdvh8a5tsw",
       "fields":{
          "session_data":"e30:1nJFa8:57qVG7xhTPxeDlDp82flfGa5fFVrYtumAJFZTiuhhSg",
          "expire_date":"2022-02-27T14:10:28.310Z"
       }
    },
    {
       "model":"sessions.session",
       "pk":"no4fyw572ujn8x7zjkbx04hded2y2d16",
       "fields":{
          "session_data":".eJxVjMsOgjAQRf9l1qZpbZmRLt37Dc30gVQMGAqJhvDvpgkbtvecezbwXIa0gN1Ag1X7BRyvS-_WkmaXI1hQcNo8hyGNFcQXj89JhGlc5uxFVcRBi3hMMb3vh3sK9Fz6-mZGYlKdDDogNvLWmlZGStJTYE3EBhFVQmUwdkiGvGx9Y6TXFLW51mhJpeRpdOn7yfMPrNz_XB1DTw:1nHUnx:U8bj9WcX_NcNwVP7dWBzJUNrWVZZkYNnGtGgA2_GvjI",
          "expire_date":"2022-02-22T18:01:29.457Z"
       }
    },
    {
       "model":"sessions.session",
       "pk":"ow2r01sv68vxy0rcwdy515cy3lv3ix6g",
       "fields":{
          "session_data":"e30:1nJFYN:Qjq0SmYpvUtSetvWD3cWEqZ7nigirqakNUzQU8EbpD8",
          "expire_date":"2022-02-27T14:08:39.599Z"
       }
    },
    {
       "model":"sessions.session",
       "pk":"qohv9p22kzwyv68twjbxgpbjptg2r70h",
       "fields":{
          "session_data":".eJxVjMsKwjAQRf8lawkTk87YLt37DWHyqI1KUpoWFPHfJdCFbu8597yF5W2d7FbjYlMQg1Di8Ls59veYGwg3ztcifcnrkpxsitxplZcS4uO8u3-BievU3sxITGoErz1iB6fe9BAogiPPmogNIqqIymAYkQw56F1nwGkK2hxbtMZaU8k2Pue0vMQAny9u_j5R:1nJH9P:JsYBz5qnaI92ilP26emAfXCEwYDZNQGVRDxFx3Czipc",
          "expire_date":"2022-02-27T15:50:59.646Z"
       }
    },
    {
       "model":"sessions.session",
       "pk":"ro4vextnksszqwi2azethavpphbvl3vh",
       "fields":{
          "session_data":"e30:1nIyyF:DlqvPVq6Zi_qv_gG_AtRt2Eenc2a78VYU5eq-MrGnfs",
          "expire_date":"2022-02-26T20:26:15.487Z"
       }
    },
    {
       "model":"sessions.session",
       "pk":"v3i4j3dw8igw2zecaigrdx62xe7ila8b",
       "fields":{
          "session_data":"e30:1nIy8p:oz1Liyr9-m34VfH2JF6lfwzvqi5bSGohX0SSXODswwE",
          "expire_date":"2022-02-26T19:33:07.698Z"
       }
    },
    {
       "model":"sessions.session",
       "pk":"yq2pz5ocbmsgvew1zstz6tvstrmbn7y4",
       "fields":{
          "session_data":"e30:1nIyLp:N_sDp11cquEvPjhCpk4O1YChIEQzabm8stY7tc_4-LM",
          "expire_date":"2022-02-26T19:46:33.587Z"
       }
    },
    {
       "model":"sessions.session",
       "pk":"yvxv0lofki3jitwrz9gayp7n0eoi5nls",
       "fields":{
          "session_data":"e30:1nIyTm:pzaOdP1DD14m74bvqyaPBLx9ftwhHEgOLrBd_Nmcjrg",
          "expire_date":"2022-02-26T19:54:46.918Z"
       }
    },
    {
       "model":"sessions.session",
       "pk":"zdd09n5tt2yqpcjfo1olhrpcywgooq90",
       "fields":{
          "session_data":"e30:1nIy4E:Aba0zpBv-G9QEk1gax5-duBlYCZHbGnEE85tap5gTc0",
          "expire_date":"2022-02-26T19:28:22.401Z"
       }
    },
    {
       "model":"sites.site",
       "pk":1,
       "fields":{
          "domain":"example.com",
          "name":"example.com"
       }
    },
    {
       "model":"account.emailaddress",
       "pk":6,
       "fields":{
          "user":6,
          "email":"michaelgreenberry@gmail.com",
          "verified":true,
          "primary":true
       }
    },
    {
       "model":"products.category",
       "pk":1,
       "fields":{
          "name":"fizzy_sweets",
          "friendly_name":"Fizzy Sweets"
       }
    },
    {
       "model":"products.category",
       "pk":2,
       "fields":{
          "name":"other_sweets",
          "friendly_name":"Other Sweets"
       }
    },
    {
       "model":"products.category",
       "pk":3,
       "fields":{
          "name":"traditional_sweets",
          "friendly_name":"Traditional Sweets"
       }
    },
    {
       "model":"products.category",
       "pk":4,
       "fields":{
          "name":"hard_candy",
          "friendly_name":"Hard Candy Sweets"
       }
    },
    {
       "model":"products.category",
       "pk":5,
       "fields":{
          "name":"gift_boxes",
          "friendly_name":"Gift Boxes"
       }
    },
    {
       "model":"products.category",
       "pk":6,
       "fields":{
          "name":"jelly_foam_sweets",
          "friendly_name":"Jelly and Foam Sweets"
       }
    },
    {
       "model":"products.category",
       "pk":7,
       "fields":{
          "name":"chocolate_toffee",
          "friendly_name":"Chocolate and Toffee Sweets"
       }
    },
    {
       "model":"products.product",
       "pk":1,
       "fields":{
          "category":4,
          "sku":"ABCCANDY",
          "name":"ABC Candy",
          "description":"ABC Alphabet Hard Candy Sweets",
          "price":"1.29",
          "rating":null,
          "image_url":null,
          "image":"abc-candy.jpeg"
       }
    },
    {
       "model":"products.product",
       "pk":2,
       "fields":{
          "category":3,
          "sku":"BKWHMINT",
          "name":"Black and White Mints",
          "description":"Hard boiled tradional mint sweet",
          "price":"1.29",
          "rating":null,
          "image_url":null,
          "image":"blackandwhite-mints.jpeg"
       }
    },
    {
       "model":"products.product",
       "pk":3,
       "fields":{
          "category":7,
          "sku":"CHOCBEAN",
          "name":"Chocolate Filled Candy",
          "description":"Chocolate with a thin hard candy shell",
          "price":"1.29",
          "rating":null,
          "image_url":null,
          "image":"choc-beans.jpeg"
       }
    },
    {
       "model":"products.product",
       "pk":4,
       "fields":{
          "category":6,
          "sku":"DOLPHINS",
          "name":"Dolphins",
          "description":"Foam sweets shaped like dolphins",
          "price":"1.29",
          "rating":null,
          "image_url":null,
          "image":"dolphins.jpeg"
       }
    },
    {
       "model":"products.product",
       "pk":5,
       "fields":{
          "category":6,
          "sku":"EGGS",
          "name":"Fried Eggs",
          "description":"Soft foam fried egg shaped sweets",
          "price":"1.29",
          "rating":null,
          "image_url":null,
          "image":"eggs.jpeg"
       }
    },
    {
       "model":"products.product",
       "pk":7,
       "fields":{
          "category":1,
          "sku":"FIZZCHCO",
          "name":"Fizzy Cherry Cola Bottles",
          "description":"Cherry Cola flavoured cola bottles",
          "price":"1.29",
          "rating":null,
          "image_url":null,
          "image":"fizzy-cherrycola-bottles.jpeg"
       }
    },
    {
       "model":"products.product",
       "pk":11,
       "fields":{
          "category":7,
          "sku":"WHMICE",
          "name":"White Chocolate Mice",
          "description":"White Chocolate Mice",
          "price":"1.29",
          "rating":null,
          "image_url":null,
          "image":"white-mice.jpeg"
       }
    },
    {
       "model":"products.product",
       "pk":12,
       "fields":{
          "category":1,
          "sku":"WATERDUM",
          "name":"Water Dummies",
          "description":"Fizzy sweets",
          "price":"1.29",
          "rating":null,
          "image_url":null,
          "image":"water-dummies.jpeg"
       }
    },
    {
       "model":"products.product",
       "pk":13,
       "fields":{
          "category":3,
          "sku":"BONBONVI",
          "name":"Vimpto Flavoured Bon Bons",
          "description":"Traditional Sweets",
          "price":"1.29",
          "rating":null,
          "image_url":null,
          "image":"vimto-bonbons.jpeg"
       }
    },
    {
       "model":"checkout.order",
       "pk":3,
       "fields":{
          "order_number":"D4CC88ADFC424A20A4FB3C0D235B757D",
          "user_profile":null,
          "full_name":"Michael L Greenberry",
          "email":"michaelgreenberry@gmail.com",
          "phone_number":"07792931442",
          "postcode":"CF37 1FA",
          "town_or_city":"Pontypridd",
          "street_address1":"Fay Court",
          "street_address2":"7",
          "county":"Rhondda Cynon Taf",
          "country":"United Kingdom",
          "date":"2022-02-12T13:45:33.334Z",
          "delivery_cost":"0.77",
          "order_total":"7.74",
          "grand_total":"8.51",
          "original_basket":"",
          "stripe_pid":""
       }
    },
    {
       "model":"checkout.order",
       "pk":4,
       "fields":{
          "order_number":"053B119719C6450FBA08D79FCDE17863",
          "user_profile":null,
          "full_name":"Michael L Greenberry",
          "email":"michaelgreenberry@gmail.com",
          "phone_number":"07792931442",
          "postcode":"CF37 1FA",
          "town_or_city":"Pontypridd",
          "street_address1":"Fay Court",
          "street_address2":"7",
          "county":"Rhondda Cynon Taf",
          "country":"United Kingdom",
          "date":"2022-02-12T14:02:03.038Z",
          "delivery_cost":"0.64",
          "order_total":"6.45",
          "grand_total":"7.10",
          "original_basket":"",
          "stripe_pid":""
       }
    },
    {
       "model":"checkout.order",
       "pk":5,
       "fields":{
          "order_number":"C420CC53FD9247BEBE5E8EDFC879821C",
          "user_profile":null,
          "full_name":"Michael L Greenberry",
          "email":"michaelgreenberry@gmail.com",
          "phone_number":"07792931442",
          "postcode":"CF37 1FA",
          "town_or_city":"Pontypridd",
          "street_address1":"Fay Court",
          "street_address2":"7",
          "county":"Rhondda Cynon Taf",
          "country":"United Kingdom",
          "date":"2022-02-12T14:03:19.484Z",
          "delivery_cost":"0.52",
          "order_total":"5.16",
          "grand_total":"5.68",
          "original_basket":"",
          "stripe_pid":""
       }
    },
    {
       "model":"checkout.order",
       "pk":6,
       "fields":{
          "order_number":"2EE6F240B89447C2B561CBD697066B10",
          "user_profile":null,
          "full_name":"Michael L Greenberry",
          "email":"michaelgreenberry@gmail.com",
          "phone_number":"07792931442",
          "postcode":"CF37 1FA",
          "town_or_city":"Pontypridd",
          "street_address1":"Fay Court",
          "street_address2":"7",
          "county":"Rhondda Cynon Taf",
          "country":"United Kingdom",
          "date":"2022-02-12T16:12:26.613Z",
          "delivery_cost":"0.52",
          "order_total":"5.16",
          "grand_total":"5.68",
          "original_basket":"{\"3\": 4}",
          "stripe_pid":"pi_3KSNxSAfu6MnYyGQ1VHUMY7S"
       }
    },
    {
       "model":"checkout.order",
       "pk":7,
       "fields":{
          "order_number":"510C0062BE91467F9D4D0DFAB6836832",
          "user_profile":null,
          "full_name":"Michael L Greenberry",
          "email":"jeffvenus@smartassociates.biz",
          "phone_number":"07792931442",
          "postcode":"CF37 1FA",
          "town_or_city":"Pontypridd",
          "street_address1":"Fay Court",
          "street_address2":"7",
          "county":"Rhondda Cynon Taf",
          "country":"GB",
          "date":"2022-02-12T21:09:53.962Z",
          "delivery_cost":"0.26",
          "order_total":"2.58",
          "grand_total":"2.84",
          "original_basket":"{\"2\": 2}",
          "stripe_pid":"pi_3KSSqXAfu6MnYyGQ0sWz2doF"
       }
    },
    {
       "model":"checkout.order",
       "pk":8,
       "fields":{
          "order_number":"D18D8F11354242B3961143EC5D16F852",
          "user_profile":4,
          "full_name":"Michael L Greenberry",
          "email":"me@me.com",
          "phone_number":"07792931442",
          "postcode":"CF37 1FA",
          "town_or_city":"Pontypridd",
          "street_address1":"Fay Court",
          "street_address2":"7",
          "county":"Rhondda Cynon Taf",
          "country":"GB",
          "date":"2022-02-12T21:48:45.503Z",
          "delivery_cost":"0.39",
          "order_total":"3.87",
          "grand_total":"4.26",
          "original_basket":"{\"2\": 3}",
          "stripe_pid":"pi_3KSTSEAfu6MnYyGQ0NCC3kbQ"
       }
    },
    {
       "model":"checkout.order",
       "pk":9,
       "fields":{
          "order_number":"17A394C4632D4476BE569ACF97CC0EB5",
          "user_profile":null,
          "full_name":"Michael L Greenberry",
          "email":"michaelgreenberry@gmail.com",
          "phone_number":"07792931442",
          "postcode":"CF37 1FA",
          "town_or_city":"Pontypridd",
          "street_address1":"Fay Court",
          "street_address2":"7",
          "county":"Rhondda Cynon Taf",
          "country":"GB",
          "date":"2022-02-13T14:27:32.180Z",
          "delivery_cost":"0.52",
          "order_total":"5.16",
          "grand_total":"5.68",
          "original_basket":"{\"3\": 4}",
          "stripe_pid":"pi_3KSj2kAfu6MnYyGQ11RT7wvu"
       }
    },
    {
       "model":"checkout.order",
       "pk":10,
       "fields":{
          "order_number":"0A1E660FCBE4440EAAA315729F6D3698",
          "user_profile":4,
          "full_name":"Michael L Greenberry",
          "email":"michaelgreenberry@gmail.com",
          "phone_number":"07792931442",
          "postcode":"CF37 1FA",
          "town_or_city":"Pontypridd",
          "street_address1":"Fay Court",
          "street_address2":"7",
          "county":"Rhondda Cynon Taf",
          "country":"GB",
          "date":"2022-02-13T14:28:36.742Z",
          "delivery_cost":"0.64",
          "order_total":"6.45",
          "grand_total":"7.10",
          "original_basket":"{\"3\": 5}",
          "stripe_pid":"pi_3KSj3hAfu6MnYyGQ0WMKFV9i"
       }
    },
    {
       "model":"checkout.orderlineitem",
       "pk":4,
       "fields":{
          "order":3,
          "product":2,
          "quantity":4,
          "lineitem_total":"5.16"
       }
    },
    {
       "model":"checkout.orderlineitem",
       "pk":5,
       "fields":{
          "order":3,
          "product":3,
          "quantity":2,
          "lineitem_total":"2.58"
       }
    },
    {
       "model":"checkout.orderlineitem",
       "pk":6,
       "fields":{
          "order":4,
          "product":1,
          "quantity":5,
          "lineitem_total":"6.45"
       }
    },
    {
       "model":"checkout.orderlineitem",
       "pk":7,
       "fields":{
          "order":5,
          "product":5,
          "quantity":4,
          "lineitem_total":"5.16"
       }
    },
    {
       "model":"checkout.orderlineitem",
       "pk":8,
       "fields":{
          "order":6,
          "product":3,
          "quantity":4,
          "lineitem_total":"5.16"
       }
    },
    {
       "model":"checkout.orderlineitem",
       "pk":9,
       "fields":{
          "order":7,
          "product":2,
          "quantity":2,
          "lineitem_total":"2.58"
       }
    },
    {
       "model":"checkout.orderlineitem",
       "pk":10,
       "fields":{
          "order":8,
          "product":2,
          "quantity":3,
          "lineitem_total":"3.87"
       }
    },
    {
       "model":"checkout.orderlineitem",
       "pk":11,
       "fields":{
          "order":9,
          "product":3,
          "quantity":4,
          "lineitem_total":"5.16"
       }
    },
    {
       "model":"checkout.orderlineitem",
       "pk":12,
       "fields":{
          "order":10,
          "product":3,
          "quantity":5,
          "lineitem_total":"6.45"
       }
    },
    {
       "model":"profiles.userprofile",
       "pk":4,
       "fields":{
          "user":5,
          "default_phone_number":"07792931442",
          "default_street_address1":"Fay Court",
          "default_street_address2":"7",
          "default_town_or_city":"Pontypridd",
          "default_county":"Rhondda Cynon Taf",
          "default_postcode":"CF37 1FA",
          "default_country":"GB"
       }
    },
    {
       "model":"profiles.userprofile",
       "pk":5,
       "fields":{
          "user":6,
          "default_phone_number":null,
          "default_street_address1":null,
          "default_street_address2":null,
          "default_town_or_city":null,
          "default_county":null,
          "default_postcode":null,
          "default_country":null
       }
    }
 ]